<?xml version="1.0" encoding="UTF-8"?>
<GenRun Id="impl_1" LaunchPart="xc7z020clg484-1" LaunchTime="1439361050">
  <File Type="RUN-CONSTRS" Name="$PDATADIR/runs/impl_1/constrs_in.xml"/>
  <File Type="OPT-DCP" Name="Lab2_opt.dcp"/>
  <File Type="RUN-SRCS" Name="$PDATADIR/runs/impl_1/sources.xml"/>
  <File Type="POSTROUTE-PHYSOPT-DCP" Name="Lab2_postroute_physopt.dcp"/>
  <File Type="PA-DCP" Name="Lab2.dcp"/>
  <File Type="RUN-STRAT" Name="$PDATADIR/runs/impl_1/impl_1.psg"/>
  <File Type="ROUTE-DCP" Name="Lab2_routed.dcp"/>
  <File Type="PA-TCL" Name="Lab2.tcl"/>
  <File Type="PWROPT-DCP" Name="Lab2_pwropt.dcp"/>
  <File Type="OPT-DRC" Name="Lab2_drc_opted.rpt"/>
  <File Type="OPT-HWDEF" Name="Lab2.hwdef"/>
  <File Type="PWROPT-DRC" Name="Lab2_drc_pwropted.rpt"/>
  <File Type="PLACE-DCP" Name="Lab2_placed.dcp"/>
  <File Type="PLACE-IO" Name="Lab2_io_placed.rpt"/>
  <File Type="PLACE-CLK" Name="Lab2_clock_utilization_placed.rpt"/>
  <File Type="PLACE-UTIL" Name="Lab2_utilization_placed.rpt"/>
  <File Type="PLACE-UTIL-PB" Name="Lab2_utilization_placed.pb"/>
  <File Type="PLACE-CTRL" Name="Lab2_control_sets_placed.rpt"/>
  <File Type="PLACE-SIMILARITY" Name="Lab2_incremental_reuse_placed.rpt"/>
  <File Type="PLACE-PRE-SIMILARITY" Name="Lab2_incremental_reuse_pre_placed.rpt"/>
  <File Type="POSTPLACE-PWROPT-DCP" Name="Lab2_postplace_pwropt.dcp"/>
  <File Type="PHYSOPT-DCP" Name="Lab2_physopt.dcp"/>
  <File Type="PHYSOPT-DRC" Name="Lab2_drc_physopted.rpt"/>
  <File Type="RDI-RDI" Name="Lab2.vdi"/>
  <File Type="ROUTE-DRC" Name="Lab2_drc_routed.rpt"/>
  <File Type="ROUTE-DRC-PB" Name="Lab2_drc_routed.pb"/>
  <File Type="ROUTE-PWR" Name="Lab2_power_routed.rpt"/>
  <File Type="ROUTE-PWR-SUM" Name="Lab2_power_summary_routed.pb"/>
  <File Type="ROUTE-STATUS" Name="Lab2_route_status.rpt"/>
  <File Type="ROUTE-STATUS-PB" Name="Lab2_route_status.pb"/>
  <File Type="ROUTE-TIMINGSUMMARY" Name="Lab2_timing_summary_routed.rpt"/>
  <File Type="ROUTE-TIMING-PB" Name="Lab2_timing_summary_routed.pb"/>
  <File Type="ROUTE-TIMING-RPX" Name="Lab2_timing_summary_routed.rpx"/>
  <File Type="ROUTE-SIMILARITY" Name="Lab2_incremental_reuse_routed.rpt"/>
  <File Type="ROUTE-CLK" Name="Lab2_clock_utilization_routed.rpt"/>
  <File Type="POSTROUTE-PHYSOPT-TIMING" Name="Lab2_timing_summary_postroute_physopted.rpt"/>
  <File Type="POSTROUTE-PHYSOPT-TIMING-PB" Name="Lab2_timing_summary_postroute_physopted.pb"/>
  <File Type="POSTROUTE-PHYSOPT-TIMING-RPX" Name="Lab2_timing_summary_postroute_physopted.rpx"/>
  <File Type="BG-BIT" Name="Lab2.bit"/>
  <File Type="BG-BIN" Name="Lab2.bin"/>
  <File Type="BITSTR-MSK" Name="Lab2.msk"/>
  <File Type="BITSTR-RBT" Name="Lab2.rbt"/>
  <File Type="BITSTR-NKY" Name="Lab2.nky"/>
  <File Type="BITSTR-BMM" Name="Lab2_bd.bmm"/>
  <File Type="BITSTR-MMI" Name="Lab2.mmi"/>
  <File Type="BITSTR-SYSDEF" Name="Lab2.sysdef"/>
  <File Type="BG-BGN" Name="Lab2.bgn"/>
  <File Type="BG-DRC" Name="Lab2.drc"/>
  <File Type="WBT-USG" Name="usage_statistics_webtalk.html"/>
  <FileSet Name="sources" Type="DesignSrcs" RelSrcDir="$PSRCDIR/sources_1">
    <Filter Type="Srcs"/>
    <File Path="$PSRCDIR/sources_1/imports/Lab2 Source Code/Freq_div.v">
      <FileInfo>
        <Attr Name="ImportPath" Val="$PPRDIR/../../Source Code/Lab2 Source Code/Freq_div.v"/>
        <Attr Name="ImportTime" Val="1439222054"/>
        <Attr Name="UsedIn" Val="synthesis"/>
        <Attr Name="UsedIn" Val="implementation"/>
        <Attr Name="UsedIn" Val="simulation"/>
      </FileInfo>
    </File>
    <File Path="$PSRCDIR/sources_1/imports/Lab2 Source Code/Direction_ctrl.v">
      <FileInfo>
        <Attr Name="ImportPath" Val="$PPRDIR/../../Source Code/Lab2 Source Code/Direction_ctrl.v"/>
        <Attr Name="ImportTime" Val="1439222103"/>
        <Attr Name="UsedIn" Val="synthesis"/>
        <Attr Name="UsedIn" Val="implementation"/>
        <Attr Name="UsedIn" Val="simulation"/>
      </FileInfo>
    </File>
    <File Path="$PSRCDIR/sources_1/imports/Lab2 Source Code/Lab2.v">
      <FileInfo>
        <Attr Name="ImportPath" Val="$PPRDIR/../../Source Code/Lab2 Source Code/Lab2.v"/>
        <Attr Name="ImportTime" Val="1439222004"/>
        <Attr Name="UsedIn" Val="synthesis"/>
        <Attr Name="UsedIn" Val="implementation"/>
        <Attr Name="UsedIn" Val="simulation"/>
      </FileInfo>
    </File>
    <Config>
      <Option Name="DesignMode" Val="RTL"/>
      <Option Name="TopModule" Val="Lab2"/>
      <Option Name="TopAutoSet" Val="TRUE"/>
    </Config>
  </FileSet>
  <FileSet Name="constrs_in" Type="Constrs" RelSrcDir="$PSRCDIR/constrs_1">
    <Filter Type="Constrs"/>
    <File Path="$PSRCDIR/constrs_1/imports/Lab2 Source Code/top_module.xdc">
      <FileInfo>
        <Attr Name="ImportPath" Val="$PPRDIR/../../Source Code/Lab2 Source Code/top_module.xdc"/>
        <Attr Name="ImportTime" Val="1404895223"/>
        <Attr Name="UsedIn" Val="synthesis"/>
        <Attr Name="UsedIn" Val="implementation"/>
      </FileInfo>
    </File>
    <Config>
      <Option Name="ConstrsType" Val="XDC"/>
    </Config>
  </FileSet>
  <Strategy Version="1" Minor="2">
    <StratHandle Name="Vivado Implementation Defaults" Flow="Vivado Implementation 2015"/>
    <Step Id="init_design"/>
    <Step Id="opt_design"/>
    <Step Id="power_opt_design"/>
    <Step Id="place_design"/>
    <Step Id="post_place_power_opt_design"/>
    <Step Id="phys_opt_design"/>
    <Step Id="route_design"/>
    <Step Id="post_route_phys_opt_design"/>
    <Step Id="write_bitstream"/>
  </Strategy>
</GenRun>
