<?xml version="1.0" encoding="UTF-8"?>
<spirit:component xmlns:xilinx="http://www.xilinx.com" xmlns:spirit="http://www.spiritconsortium.org/XMLSchema/SPIRIT/1685-2009" xmlns:xsi="http://www.w3.org/2001/XMLSchema-instance">
  <spirit:vendor>xilinx.com</spirit:vendor>
  <spirit:library>customized_ip</spirit:library>
  <spirit:name>system_zed_audio_ctrl_0_0</spirit:name>
  <spirit:version>1.0</spirit:version>
  <spirit:busInterfaces>
    <spirit:busInterface>
      <spirit:name>S_AXI</spirit:name>
      <spirit:busType spirit:vendor="xilinx.com" spirit:library="interface" spirit:name="aximm" spirit:version="1.0"/>
      <spirit:abstractionType spirit:vendor="xilinx.com" spirit:library="interface" spirit:name="aximm_rtl" spirit:version="1.0"/>
      <spirit:slave>
        <spirit:memoryMapRef spirit:memoryMapRef="S_AXI"/>
      </spirit:slave>
      <spirit:portMaps>
        <spirit:portMap>
          <spirit:logicalPort>
            <spirit:name>AWADDR</spirit:name>
          </spirit:logicalPort>
          <spirit:physicalPort>
            <spirit:name>S_AXI_AWADDR</spirit:name>
          </spirit:physicalPort>
        </spirit:portMap>
        <spirit:portMap>
          <spirit:logicalPort>
            <spirit:name>AWVALID</spirit:name>
          </spirit:logicalPort>
          <spirit:physicalPort>
            <spirit:name>S_AXI_AWVALID</spirit:name>
          </spirit:physicalPort>
        </spirit:portMap>
        <spirit:portMap>
          <spirit:logicalPort>
            <spirit:name>AWREADY</spirit:name>
          </spirit:logicalPort>
          <spirit:physicalPort>
            <spirit:name>S_AXI_AWREADY</spirit:name>
          </spirit:physicalPort>
        </spirit:portMap>
        <spirit:portMap>
          <spirit:logicalPort>
            <spirit:name>WDATA</spirit:name>
          </spirit:logicalPort>
          <spirit:physicalPort>
            <spirit:name>S_AXI_WDATA</spirit:name>
          </spirit:physicalPort>
        </spirit:portMap>
        <spirit:portMap>
          <spirit:logicalPort>
            <spirit:name>WSTRB</spirit:name>
          </spirit:logicalPort>
          <spirit:physicalPort>
            <spirit:name>S_AXI_WSTRB</spirit:name>
          </spirit:physicalPort>
        </spirit:portMap>
        <spirit:portMap>
          <spirit:logicalPort>
            <spirit:name>WVALID</spirit:name>
          </spirit:logicalPort>
          <spirit:physicalPort>
            <spirit:name>S_AXI_WVALID</spirit:name>
          </spirit:physicalPort>
        </spirit:portMap>
        <spirit:portMap>
          <spirit:logicalPort>
            <spirit:name>WREADY</spirit:name>
          </spirit:logicalPort>
          <spirit:physicalPort>
            <spirit:name>S_AXI_WREADY</spirit:name>
          </spirit:physicalPort>
        </spirit:portMap>
        <spirit:portMap>
          <spirit:logicalPort>
            <spirit:name>BRESP</spirit:name>
          </spirit:logicalPort>
          <spirit:physicalPort>
            <spirit:name>S_AXI_BRESP</spirit:name>
          </spirit:physicalPort>
        </spirit:portMap>
        <spirit:portMap>
          <spirit:logicalPort>
            <spirit:name>BVALID</spirit:name>
          </spirit:logicalPort>
          <spirit:physicalPort>
            <spirit:name>S_AXI_BVALID</spirit:name>
          </spirit:physicalPort>
        </spirit:portMap>
        <spirit:portMap>
          <spirit:logicalPort>
            <spirit:name>BREADY</spirit:name>
          </spirit:logicalPort>
          <spirit:physicalPort>
            <spirit:name>S_AXI_BREADY</spirit:name>
          </spirit:physicalPort>
        </spirit:portMap>
        <spirit:portMap>
          <spirit:logicalPort>
            <spirit:name>ARADDR</spirit:name>
          </spirit:logicalPort>
          <spirit:physicalPort>
            <spirit:name>S_AXI_ARADDR</spirit:name>
          </spirit:physicalPort>
        </spirit:portMap>
        <spirit:portMap>
          <spirit:logicalPort>
            <spirit:name>ARVALID</spirit:name>
          </spirit:logicalPort>
          <spirit:physicalPort>
            <spirit:name>S_AXI_ARVALID</spirit:name>
          </spirit:physicalPort>
        </spirit:portMap>
        <spirit:portMap>
          <spirit:logicalPort>
            <spirit:name>ARREADY</spirit:name>
          </spirit:logicalPort>
          <spirit:physicalPort>
            <spirit:name>S_AXI_ARREADY</spirit:name>
          </spirit:physicalPort>
        </spirit:portMap>
        <spirit:portMap>
          <spirit:logicalPort>
            <spirit:name>RDATA</spirit:name>
          </spirit:logicalPort>
          <spirit:physicalPort>
            <spirit:name>S_AXI_RDATA</spirit:name>
          </spirit:physicalPort>
        </spirit:portMap>
        <spirit:portMap>
          <spirit:logicalPort>
            <spirit:name>RRESP</spirit:name>
          </spirit:logicalPort>
          <spirit:physicalPort>
            <spirit:name>S_AXI_RRESP</spirit:name>
          </spirit:physicalPort>
        </spirit:portMap>
        <spirit:portMap>
          <spirit:logicalPort>
            <spirit:name>RVALID</spirit:name>
          </spirit:logicalPort>
          <spirit:physicalPort>
            <spirit:name>S_AXI_RVALID</spirit:name>
          </spirit:physicalPort>
        </spirit:portMap>
        <spirit:portMap>
          <spirit:logicalPort>
            <spirit:name>RREADY</spirit:name>
          </spirit:logicalPort>
          <spirit:physicalPort>
            <spirit:name>S_AXI_RREADY</spirit:name>
          </spirit:physicalPort>
        </spirit:portMap>
      </spirit:portMaps>
      <spirit:parameters>
        <spirit:parameter>
          <spirit:name>PROTOCOL</spirit:name>
          <spirit:value spirit:format="string" spirit:resolve="generated" spirit:id="BUSIFPARAM_VALUE.S_AXI.PROTOCOL">AXI4LITE</spirit:value>
        </spirit:parameter>
        <spirit:parameter>
          <spirit:name>READ_WRITE_MODE</spirit:name>
          <spirit:value spirit:format="string" spirit:resolve="generated" spirit:id="BUSIFPARAM_VALUE.S_AXI.READ_WRITE_MODE">READ_WRITE</spirit:value>
        </spirit:parameter>
        <spirit:parameter>
          <spirit:name>DATA_WIDTH</spirit:name>
          <spirit:value spirit:format="string" spirit:resolve="generated" spirit:id="BUSIFPARAM_VALUE.S_AXI.DATA_WIDTH">32</spirit:value>
        </spirit:parameter>
        <spirit:parameter>
          <spirit:name>ADDR_WIDTH</spirit:name>
          <spirit:value spirit:format="string" spirit:resolve="generated" spirit:id="BUSIFPARAM_VALUE.S_AXI.ADDR_WIDTH">32</spirit:value>
        </spirit:parameter>
        <spirit:parameter>
          <spirit:name>AWUSER_WIDTH</spirit:name>
          <spirit:value spirit:format="string" spirit:resolve="generated" spirit:id="BUSIFPARAM_VALUE.S_AXI.AWUSER_WIDTH">0</spirit:value>
        </spirit:parameter>
        <spirit:parameter>
          <spirit:name>ARUSER_WIDTH</spirit:name>
          <spirit:value spirit:format="string" spirit:resolve="generated" spirit:id="BUSIFPARAM_VALUE.S_AXI.ARUSER_WIDTH">0</spirit:value>
        </spirit:parameter>
        <spirit:parameter>
          <spirit:name>WUSER_WIDTH</spirit:name>
          <spirit:value spirit:format="string" spirit:resolve="generated" spirit:id="BUSIFPARAM_VALUE.S_AXI.WUSER_WIDTH">0</spirit:value>
        </spirit:parameter>
        <spirit:parameter>
          <spirit:name>RUSER_WIDTH</spirit:name>
          <spirit:value spirit:format="string" spirit:resolve="generated" spirit:id="BUSIFPARAM_VALUE.S_AXI.RUSER_WIDTH">0</spirit:value>
        </spirit:parameter>
        <spirit:parameter>
          <spirit:name>BUSER_WIDTH</spirit:name>
          <spirit:value spirit:format="string" spirit:resolve="generated" spirit:id="BUSIFPARAM_VALUE.S_AXI.BUSER_WIDTH">0</spirit:value>
        </spirit:parameter>
        <spirit:parameter>
          <spirit:name>ID_WIDTH</spirit:name>
          <spirit:value spirit:format="string" spirit:resolve="generated" spirit:id="BUSIFPARAM_VALUE.S_AXI.ID_WIDTH">0</spirit:value>
        </spirit:parameter>
        <spirit:parameter>
          <spirit:name>NUM_READ_OUTSTANDING</spirit:name>
          <spirit:value spirit:format="string" spirit:resolve="generated" spirit:id="BUSIFPARAM_VALUE.S_AXI.NUM_READ_OUTSTANDING">1</spirit:value>
        </spirit:parameter>
        <spirit:parameter>
          <spirit:name>NUM_WRITE_OUTSTANDING</spirit:name>
          <spirit:value spirit:format="string" spirit:resolve="generated" spirit:id="BUSIFPARAM_VALUE.S_AXI.NUM_WRITE_OUTSTANDING">1</spirit:value>
        </spirit:parameter>
        <spirit:parameter>
          <spirit:name>SUPPORTS_NARROW_BURST</spirit:name>
          <spirit:value spirit:format="string" spirit:resolve="generated" spirit:id="BUSIFPARAM_VALUE.S_AXI.SUPPORTS_NARROW_BURST">0</spirit:value>
        </spirit:parameter>
        <spirit:parameter>
          <spirit:name>MAX_BURST_LENGTH</spirit:name>
          <spirit:value spirit:format="string" spirit:resolve="generated" spirit:id="BUSIFPARAM_VALUE.S_AXI.MAX_BURST_LENGTH">1</spirit:value>
        </spirit:parameter>
        <spirit:parameter>
          <spirit:name>FREQ_HZ</spirit:name>
          <spirit:value spirit:format="string" spirit:resolve="generated" spirit:id="BUSIFPARAM_VALUE.S_AXI.FREQ_HZ">100000000</spirit:value>
        </spirit:parameter>
        <spirit:parameter>
          <spirit:name>CLK_DOMAIN</spirit:name>
          <spirit:value spirit:format="string" spirit:resolve="generated" spirit:id="BUSIFPARAM_VALUE.S_AXI.CLK_DOMAIN">system_processing_system7_0_0_FCLK_CLK0</spirit:value>
        </spirit:parameter>
      </spirit:parameters>
    </spirit:busInterface>
    <spirit:busInterface>
      <spirit:name>S_AXI_signal_reset</spirit:name>
      <spirit:busType spirit:vendor="xilinx.com" spirit:library="signal" spirit:name="reset" spirit:version="1.0"/>
      <spirit:abstractionType spirit:vendor="xilinx.com" spirit:library="signal" spirit:name="reset_rtl" spirit:version="1.0"/>
      <spirit:slave/>
      <spirit:portMaps>
        <spirit:portMap>
          <spirit:logicalPort>
            <spirit:name>RST</spirit:name>
          </spirit:logicalPort>
          <spirit:physicalPort>
            <spirit:name>S_AXI_ARESETN</spirit:name>
          </spirit:physicalPort>
        </spirit:portMap>
      </spirit:portMaps>
      <spirit:parameters>
        <spirit:parameter>
          <spirit:name>POLARITY</spirit:name>
          <spirit:value spirit:format="string" spirit:resolve="immediate" spirit:id="BUSIFPARAM_VALUE.S_AXI_SIGNAL_RESET.POLARITY" spirit:choiceRef="choices_0">ACTIVE_LOW</spirit:value>
        </spirit:parameter>
      </spirit:parameters>
    </spirit:busInterface>
    <spirit:busInterface>
      <spirit:name>S_AXI_signal_clock</spirit:name>
      <spirit:busType spirit:vendor="xilinx.com" spirit:library="signal" spirit:name="clock" spirit:version="1.0"/>
      <spirit:abstractionType spirit:vendor="xilinx.com" spirit:library="signal" spirit:name="clock_rtl" spirit:version="1.0"/>
      <spirit:slave/>
      <spirit:portMaps>
        <spirit:portMap>
          <spirit:logicalPort>
            <spirit:name>CLK</spirit:name>
          </spirit:logicalPort>
          <spirit:physicalPort>
            <spirit:name>S_AXI_ACLK</spirit:name>
          </spirit:physicalPort>
        </spirit:portMap>
      </spirit:portMaps>
      <spirit:parameters>
        <spirit:parameter>
          <spirit:name>ASSOCIATED_BUSIF</spirit:name>
          <spirit:value spirit:format="string" spirit:resolve="immediate" spirit:id="BUSIFPARAM_VALUE.S_AXI_SIGNAL_CLOCK.ASSOCIATED_BUSIF">S_AXI</spirit:value>
        </spirit:parameter>
        <spirit:parameter>
          <spirit:name>ASSOCIATED_RESET</spirit:name>
          <spirit:value spirit:format="string" spirit:resolve="immediate" spirit:id="BUSIFPARAM_VALUE.S_AXI_SIGNAL_CLOCK.ASSOCIATED_RESET">S_AXI_ARESETN</spirit:value>
        </spirit:parameter>
        <spirit:parameter>
          <spirit:name>FREQ_HZ</spirit:name>
          <spirit:value spirit:format="string" spirit:resolve="generated" spirit:id="BUSIFPARAM_VALUE.S_AXI_SIGNAL_CLOCK.FREQ_HZ">100000000</spirit:value>
        </spirit:parameter>
        <spirit:parameter>
          <spirit:name>CLK_DOMAIN</spirit:name>
          <spirit:value spirit:format="string" spirit:resolve="generated" spirit:id="BUSIFPARAM_VALUE.S_AXI_SIGNAL_CLOCK.CLK_DOMAIN">system_processing_system7_0_0_FCLK_CLK0</spirit:value>
        </spirit:parameter>
      </spirit:parameters>
    </spirit:busInterface>
  </spirit:busInterfaces>
  <spirit:memoryMaps>
    <spirit:memoryMap>
      <spirit:name>S_AXI</spirit:name>
      <spirit:addressBlock>
        <spirit:name>reg0</spirit:name>
        <spirit:baseAddress spirit:format="bitString" spirit:resolve="user" spirit:bitStringLength="32">0</spirit:baseAddress>
        <spirit:range spirit:format="long" spirit:resolve="dependent">32</spirit:range>
        <spirit:width spirit:format="long" spirit:resolve="dependent" spirit:dependency="(spirit:decode(id(&apos;MODELPARAM_VALUE.C_S_AXI_DATA_WIDTH&apos;)) - 1) + 1">32</spirit:width>
        <spirit:usage>register</spirit:usage>
      </spirit:addressBlock>
    </spirit:memoryMap>
  </spirit:memoryMaps>
  <spirit:model>
    <spirit:views>
      <spirit:view>
        <spirit:name>xilinx_vhdlsynthesis</spirit:name>
        <spirit:displayName>VHDL Synthesis</spirit:displayName>
        <spirit:envIdentifier>vhdlSource:vivado.xilinx.com:synthesis</spirit:envIdentifier>
        <spirit:language>vhdl</spirit:language>
        <spirit:fileSetRef>
          <spirit:localName>xilinx_vhdlsynthesis_view_fileset</spirit:localName>
        </spirit:fileSetRef>
        <spirit:parameters>
          <spirit:parameter>
            <spirit:name>customizationCRC</spirit:name>
            <spirit:value>a08ca499</spirit:value>
          </spirit:parameter>
          <spirit:parameter>
            <spirit:name>customizationCRCversion</spirit:name>
            <spirit:value>5</spirit:value>
          </spirit:parameter>
          <spirit:parameter>
            <spirit:name>boundaryCRC</spirit:name>
            <spirit:value>53046f59</spirit:value>
          </spirit:parameter>
          <spirit:parameter>
            <spirit:name>boundaryCRCversion</spirit:name>
            <spirit:value>1</spirit:value>
          </spirit:parameter>
          <spirit:parameter>
            <spirit:name>GENtimestamp</spirit:name>
            <spirit:value>Sun Aug 23 17:18:36 UTC 2015</spirit:value>
          </spirit:parameter>
          <spirit:parameter>
            <spirit:name>StaleAtRelink</spirit:name>
            <spirit:value>false</spirit:value>
          </spirit:parameter>
        </spirit:parameters>
      </spirit:view>
      <spirit:view>
        <spirit:name>xilinx_vhdlsynthesiswrapper</spirit:name>
        <spirit:displayName>VHDL Synthesis Wrapper</spirit:displayName>
        <spirit:envIdentifier>vhdlSource:vivado.xilinx.com:synthesis.wrapper</spirit:envIdentifier>
        <spirit:language>vhdl</spirit:language>
        <spirit:fileSetRef>
          <spirit:localName>xilinx_vhdlsynthesiswrapper_view_fileset</spirit:localName>
        </spirit:fileSetRef>
        <spirit:parameters>
          <spirit:parameter>
            <spirit:name>customizationCRC</spirit:name>
            <spirit:value>a08ca499</spirit:value>
          </spirit:parameter>
          <spirit:parameter>
            <spirit:name>customizationCRCversion</spirit:name>
            <spirit:value>5</spirit:value>
          </spirit:parameter>
          <spirit:parameter>
            <spirit:name>boundaryCRC</spirit:name>
            <spirit:value>53046f59</spirit:value>
          </spirit:parameter>
          <spirit:parameter>
            <spirit:name>boundaryCRCversion</spirit:name>
            <spirit:value>1</spirit:value>
          </spirit:parameter>
          <spirit:parameter>
            <spirit:name>GENtimestamp</spirit:name>
            <spirit:value>Sun Aug 23 17:18:36 UTC 2015</spirit:value>
          </spirit:parameter>
          <spirit:parameter>
            <spirit:name>StaleAtRelink</spirit:name>
            <spirit:value>false</spirit:value>
          </spirit:parameter>
        </spirit:parameters>
      </spirit:view>
    </spirit:views>
    <spirit:ports>
      <spirit:port>
        <spirit:name>BCLK</spirit:name>
        <spirit:wire>
          <spirit:direction>out</spirit:direction>
          <spirit:wireTypeDefs>
            <spirit:wireTypeDef>
              <spirit:typeName>STD_LOGIC</spirit:typeName>
              <spirit:viewNameRef>xilinx_vhdlsynthesis</spirit:viewNameRef>
            </spirit:wireTypeDef>
          </spirit:wireTypeDefs>
        </spirit:wire>
      </spirit:port>
      <spirit:port>
        <spirit:name>LRCLK</spirit:name>
        <spirit:wire>
          <spirit:direction>out</spirit:direction>
          <spirit:wireTypeDefs>
            <spirit:wireTypeDef>
              <spirit:typeName>STD_LOGIC</spirit:typeName>
              <spirit:viewNameRef>xilinx_vhdlsynthesis</spirit:viewNameRef>
            </spirit:wireTypeDef>
          </spirit:wireTypeDefs>
        </spirit:wire>
      </spirit:port>
      <spirit:port>
        <spirit:name>SDATA_I</spirit:name>
        <spirit:wire>
          <spirit:direction>in</spirit:direction>
          <spirit:wireTypeDefs>
            <spirit:wireTypeDef>
              <spirit:typeName>STD_LOGIC</spirit:typeName>
              <spirit:viewNameRef>xilinx_vhdlsynthesis</spirit:viewNameRef>
            </spirit:wireTypeDef>
          </spirit:wireTypeDefs>
        </spirit:wire>
      </spirit:port>
      <spirit:port>
        <spirit:name>SDATA_O</spirit:name>
        <spirit:wire>
          <spirit:direction>out</spirit:direction>
          <spirit:wireTypeDefs>
            <spirit:wireTypeDef>
              <spirit:typeName>STD_LOGIC</spirit:typeName>
              <spirit:viewNameRef>xilinx_vhdlsynthesis</spirit:viewNameRef>
            </spirit:wireTypeDef>
          </spirit:wireTypeDefs>
        </spirit:wire>
      </spirit:port>
      <spirit:port>
        <spirit:name>S_AXI_ACLK</spirit:name>
        <spirit:wire>
          <spirit:direction>in</spirit:direction>
          <spirit:wireTypeDefs>
            <spirit:wireTypeDef>
              <spirit:typeName>std_logic</spirit:typeName>
              <spirit:viewNameRef>xilinx_vhdlsynthesis</spirit:viewNameRef>
            </spirit:wireTypeDef>
          </spirit:wireTypeDefs>
        </spirit:wire>
        <spirit:vendorExtensions>
          <xilinx:portInfo>
            <xilinx:enablement>
              <xilinx:isEnabled>true</xilinx:isEnabled>
            </xilinx:enablement>
          </xilinx:portInfo>
        </spirit:vendorExtensions>
      </spirit:port>
      <spirit:port>
        <spirit:name>S_AXI_ARESETN</spirit:name>
        <spirit:wire>
          <spirit:direction>in</spirit:direction>
          <spirit:wireTypeDefs>
            <spirit:wireTypeDef>
              <spirit:typeName>std_logic</spirit:typeName>
              <spirit:viewNameRef>xilinx_vhdlsynthesis</spirit:viewNameRef>
            </spirit:wireTypeDef>
          </spirit:wireTypeDefs>
        </spirit:wire>
        <spirit:vendorExtensions>
          <xilinx:portInfo>
            <xilinx:enablement>
              <xilinx:isEnabled>true</xilinx:isEnabled>
            </xilinx:enablement>
          </xilinx:portInfo>
        </spirit:vendorExtensions>
      </spirit:port>
      <spirit:port>
        <spirit:name>S_AXI_AWADDR</spirit:name>
        <spirit:wire>
          <spirit:direction>in</spirit:direction>
          <spirit:vector>
            <spirit:left spirit:format="long" spirit:resolve="dependent" spirit:dependency="(spirit:decode(id(&apos;MODELPARAM_VALUE.C_S_AXI_ADDR_WIDTH&apos;)) - 1)">31</spirit:left>
            <spirit:right spirit:format="long" spirit:resolve="immediate">0</spirit:right>
          </spirit:vector>
          <spirit:wireTypeDefs>
            <spirit:wireTypeDef>
              <spirit:typeName>std_logic_vector</spirit:typeName>
              <spirit:viewNameRef>xilinx_vhdlsynthesis</spirit:viewNameRef>
            </spirit:wireTypeDef>
          </spirit:wireTypeDefs>
        </spirit:wire>
        <spirit:vendorExtensions>
          <xilinx:portInfo>
            <xilinx:enablement>
              <xilinx:isEnabled>true</xilinx:isEnabled>
            </xilinx:enablement>
          </xilinx:portInfo>
        </spirit:vendorExtensions>
      </spirit:port>
      <spirit:port>
        <spirit:name>S_AXI_AWVALID</spirit:name>
        <spirit:wire>
          <spirit:direction>in</spirit:direction>
          <spirit:wireTypeDefs>
            <spirit:wireTypeDef>
              <spirit:typeName>std_logic</spirit:typeName>
              <spirit:viewNameRef>xilinx_vhdlsynthesis</spirit:viewNameRef>
            </spirit:wireTypeDef>
          </spirit:wireTypeDefs>
        </spirit:wire>
        <spirit:vendorExtensions>
          <xilinx:portInfo>
            <xilinx:enablement>
              <xilinx:isEnabled>true</xilinx:isEnabled>
            </xilinx:enablement>
          </xilinx:portInfo>
        </spirit:vendorExtensions>
      </spirit:port>
      <spirit:port>
        <spirit:name>S_AXI_WDATA</spirit:name>
        <spirit:wire>
          <spirit:direction>in</spirit:direction>
          <spirit:vector>
            <spirit:left spirit:format="long" spirit:resolve="dependent" spirit:dependency="(spirit:decode(id(&apos;MODELPARAM_VALUE.C_S_AXI_DATA_WIDTH&apos;)) - 1)">31</spirit:left>
            <spirit:right spirit:format="long" spirit:resolve="immediate">0</spirit:right>
          </spirit:vector>
          <spirit:wireTypeDefs>
            <spirit:wireTypeDef>
              <spirit:typeName>std_logic_vector</spirit:typeName>
              <spirit:viewNameRef>xilinx_vhdlsynthesis</spirit:viewNameRef>
            </spirit:wireTypeDef>
          </spirit:wireTypeDefs>
        </spirit:wire>
        <spirit:vendorExtensions>
          <xilinx:portInfo>
            <xilinx:enablement>
              <xilinx:isEnabled>true</xilinx:isEnabled>
            </xilinx:enablement>
          </xilinx:portInfo>
        </spirit:vendorExtensions>
      </spirit:port>
      <spirit:port>
        <spirit:name>S_AXI_WSTRB</spirit:name>
        <spirit:wire>
          <spirit:direction>in</spirit:direction>
          <spirit:vector>
            <spirit:left spirit:format="long" spirit:resolve="dependent" spirit:dependency="((spirit:decode(id(&apos;MODELPARAM_VALUE.C_S_AXI_DATA_WIDTH&apos;)) / 8) - 1)">3</spirit:left>
            <spirit:right spirit:format="long" spirit:resolve="immediate">0</spirit:right>
          </spirit:vector>
          <spirit:wireTypeDefs>
            <spirit:wireTypeDef>
              <spirit:typeName>std_logic_vector</spirit:typeName>
              <spirit:viewNameRef>xilinx_vhdlsynthesis</spirit:viewNameRef>
            </spirit:wireTypeDef>
          </spirit:wireTypeDefs>
        </spirit:wire>
        <spirit:vendorExtensions>
          <xilinx:portInfo>
            <xilinx:enablement>
              <xilinx:isEnabled>true</xilinx:isEnabled>
            </xilinx:enablement>
          </xilinx:portInfo>
        </spirit:vendorExtensions>
      </spirit:port>
      <spirit:port>
        <spirit:name>S_AXI_WVALID</spirit:name>
        <spirit:wire>
          <spirit:direction>in</spirit:direction>
          <spirit:wireTypeDefs>
            <spirit:wireTypeDef>
              <spirit:typeName>std_logic</spirit:typeName>
              <spirit:viewNameRef>xilinx_vhdlsynthesis</spirit:viewNameRef>
            </spirit:wireTypeDef>
          </spirit:wireTypeDefs>
        </spirit:wire>
        <spirit:vendorExtensions>
          <xilinx:portInfo>
            <xilinx:enablement>
              <xilinx:isEnabled>true</xilinx:isEnabled>
            </xilinx:enablement>
          </xilinx:portInfo>
        </spirit:vendorExtensions>
      </spirit:port>
      <spirit:port>
        <spirit:name>S_AXI_BREADY</spirit:name>
        <spirit:wire>
          <spirit:direction>in</spirit:direction>
          <spirit:wireTypeDefs>
            <spirit:wireTypeDef>
              <spirit:typeName>std_logic</spirit:typeName>
              <spirit:viewNameRef>xilinx_vhdlsynthesis</spirit:viewNameRef>
            </spirit:wireTypeDef>
          </spirit:wireTypeDefs>
        </spirit:wire>
        <spirit:vendorExtensions>
          <xilinx:portInfo>
            <xilinx:enablement>
              <xilinx:isEnabled>true</xilinx:isEnabled>
            </xilinx:enablement>
          </xilinx:portInfo>
        </spirit:vendorExtensions>
      </spirit:port>
      <spirit:port>
        <spirit:name>S_AXI_ARADDR</spirit:name>
        <spirit:wire>
          <spirit:direction>in</spirit:direction>
          <spirit:vector>
            <spirit:left spirit:format="long" spirit:resolve="dependent" spirit:dependency="(spirit:decode(id(&apos;MODELPARAM_VALUE.C_S_AXI_ADDR_WIDTH&apos;)) - 1)">31</spirit:left>
            <spirit:right spirit:format="long" spirit:resolve="immediate">0</spirit:right>
          </spirit:vector>
          <spirit:wireTypeDefs>
            <spirit:wireTypeDef>
              <spirit:typeName>std_logic_vector</spirit:typeName>
              <spirit:viewNameRef>xilinx_vhdlsynthesis</spirit:viewNameRef>
            </spirit:wireTypeDef>
          </spirit:wireTypeDefs>
        </spirit:wire>
        <spirit:vendorExtensions>
          <xilinx:portInfo>
            <xilinx:enablement>
              <xilinx:isEnabled>true</xilinx:isEnabled>
            </xilinx:enablement>
          </xilinx:portInfo>
        </spirit:vendorExtensions>
      </spirit:port>
      <spirit:port>
        <spirit:name>S_AXI_ARVALID</spirit:name>
        <spirit:wire>
          <spirit:direction>in</spirit:direction>
          <spirit:wireTypeDefs>
            <spirit:wireTypeDef>
              <spirit:typeName>std_logic</spirit:typeName>
              <spirit:viewNameRef>xilinx_vhdlsynthesis</spirit:viewNameRef>
            </spirit:wireTypeDef>
          </spirit:wireTypeDefs>
        </spirit:wire>
        <spirit:vendorExtensions>
          <xilinx:portInfo>
            <xilinx:enablement>
              <xilinx:isEnabled>true</xilinx:isEnabled>
            </xilinx:enablement>
          </xilinx:portInfo>
        </spirit:vendorExtensions>
      </spirit:port>
      <spirit:port>
        <spirit:name>S_AXI_RREADY</spirit:name>
        <spirit:wire>
          <spirit:direction>in</spirit:direction>
          <spirit:wireTypeDefs>
            <spirit:wireTypeDef>
              <spirit:typeName>std_logic</spirit:typeName>
              <spirit:viewNameRef>xilinx_vhdlsynthesis</spirit:viewNameRef>
            </spirit:wireTypeDef>
          </spirit:wireTypeDefs>
        </spirit:wire>
        <spirit:vendorExtensions>
          <xilinx:portInfo>
            <xilinx:enablement>
              <xilinx:isEnabled>true</xilinx:isEnabled>
            </xilinx:enablement>
          </xilinx:portInfo>
        </spirit:vendorExtensions>
      </spirit:port>
      <spirit:port>
        <spirit:name>S_AXI_ARREADY</spirit:name>
        <spirit:wire>
          <spirit:direction>out</spirit:direction>
          <spirit:wireTypeDefs>
            <spirit:wireTypeDef>
              <spirit:typeName>std_logic</spirit:typeName>
              <spirit:viewNameRef>xilinx_vhdlsynthesis</spirit:viewNameRef>
            </spirit:wireTypeDef>
          </spirit:wireTypeDefs>
        </spirit:wire>
        <spirit:vendorExtensions>
          <xilinx:portInfo>
            <xilinx:enablement>
              <xilinx:isEnabled>true</xilinx:isEnabled>
            </xilinx:enablement>
          </xilinx:portInfo>
        </spirit:vendorExtensions>
      </spirit:port>
      <spirit:port>
        <spirit:name>S_AXI_RDATA</spirit:name>
        <spirit:wire>
          <spirit:direction>out</spirit:direction>
          <spirit:vector>
            <spirit:left spirit:format="long" spirit:resolve="dependent" spirit:dependency="(spirit:decode(id(&apos;MODELPARAM_VALUE.C_S_AXI_DATA_WIDTH&apos;)) - 1)">31</spirit:left>
            <spirit:right spirit:format="long" spirit:resolve="immediate">0</spirit:right>
          </spirit:vector>
          <spirit:wireTypeDefs>
            <spirit:wireTypeDef>
              <spirit:typeName>std_logic_vector</spirit:typeName>
              <spirit:viewNameRef>xilinx_vhdlsynthesis</spirit:viewNameRef>
            </spirit:wireTypeDef>
          </spirit:wireTypeDefs>
        </spirit:wire>
        <spirit:vendorExtensions>
          <xilinx:portInfo>
            <xilinx:enablement>
              <xilinx:isEnabled>true</xilinx:isEnabled>
            </xilinx:enablement>
          </xilinx:portInfo>
        </spirit:vendorExtensions>
      </spirit:port>
      <spirit:port>
        <spirit:name>S_AXI_RRESP</spirit:name>
        <spirit:wire>
          <spirit:direction>out</spirit:direction>
          <spirit:vector>
            <spirit:left spirit:format="long" spirit:resolve="immediate">1</spirit:left>
            <spirit:right spirit:format="long" spirit:resolve="immediate">0</spirit:right>
          </spirit:vector>
          <spirit:wireTypeDefs>
            <spirit:wireTypeDef>
              <spirit:typeName>std_logic_vector</spirit:typeName>
              <spirit:viewNameRef>xilinx_vhdlsynthesis</spirit:viewNameRef>
            </spirit:wireTypeDef>
          </spirit:wireTypeDefs>
        </spirit:wire>
        <spirit:vendorExtensions>
          <xilinx:portInfo>
            <xilinx:enablement>
              <xilinx:isEnabled>true</xilinx:isEnabled>
            </xilinx:enablement>
          </xilinx:portInfo>
        </spirit:vendorExtensions>
      </spirit:port>
      <spirit:port>
        <spirit:name>S_AXI_RVALID</spirit:name>
        <spirit:wire>
          <spirit:direction>out</spirit:direction>
          <spirit:wireTypeDefs>
            <spirit:wireTypeDef>
              <spirit:typeName>std_logic</spirit:typeName>
              <spirit:viewNameRef>xilinx_vhdlsynthesis</spirit:viewNameRef>
            </spirit:wireTypeDef>
          </spirit:wireTypeDefs>
        </spirit:wire>
        <spirit:vendorExtensions>
          <xilinx:portInfo>
            <xilinx:enablement>
              <xilinx:isEnabled>true</xilinx:isEnabled>
            </xilinx:enablement>
          </xilinx:portInfo>
        </spirit:vendorExtensions>
      </spirit:port>
      <spirit:port>
        <spirit:name>S_AXI_WREADY</spirit:name>
        <spirit:wire>
          <spirit:direction>out</spirit:direction>
          <spirit:wireTypeDefs>
            <spirit:wireTypeDef>
              <spirit:typeName>std_logic</spirit:typeName>
              <spirit:viewNameRef>xilinx_vhdlsynthesis</spirit:viewNameRef>
            </spirit:wireTypeDef>
          </spirit:wireTypeDefs>
        </spirit:wire>
        <spirit:vendorExtensions>
          <xilinx:portInfo>
            <xilinx:enablement>
              <xilinx:isEnabled>true</xilinx:isEnabled>
            </xilinx:enablement>
          </xilinx:portInfo>
        </spirit:vendorExtensions>
      </spirit:port>
      <spirit:port>
        <spirit:name>S_AXI_BRESP</spirit:name>
        <spirit:wire>
          <spirit:direction>out</spirit:direction>
          <spirit:vector>
            <spirit:left spirit:format="long" spirit:resolve="immediate">1</spirit:left>
            <spirit:right spirit:format="long" spirit:resolve="immediate">0</spirit:right>
          </spirit:vector>
          <spirit:wireTypeDefs>
            <spirit:wireTypeDef>
              <spirit:typeName>std_logic_vector</spirit:typeName>
              <spirit:viewNameRef>xilinx_vhdlsynthesis</spirit:viewNameRef>
            </spirit:wireTypeDef>
          </spirit:wireTypeDefs>
        </spirit:wire>
        <spirit:vendorExtensions>
          <xilinx:portInfo>
            <xilinx:enablement>
              <xilinx:isEnabled>true</xilinx:isEnabled>
            </xilinx:enablement>
          </xilinx:portInfo>
        </spirit:vendorExtensions>
      </spirit:port>
      <spirit:port>
        <spirit:name>S_AXI_BVALID</spirit:name>
        <spirit:wire>
          <spirit:direction>out</spirit:direction>
          <spirit:wireTypeDefs>
            <spirit:wireTypeDef>
              <spirit:typeName>std_logic</spirit:typeName>
              <spirit:viewNameRef>xilinx_vhdlsynthesis</spirit:viewNameRef>
            </spirit:wireTypeDef>
          </spirit:wireTypeDefs>
        </spirit:wire>
        <spirit:vendorExtensions>
          <xilinx:portInfo>
            <xilinx:enablement>
              <xilinx:isEnabled>true</xilinx:isEnabled>
            </xilinx:enablement>
          </xilinx:portInfo>
        </spirit:vendorExtensions>
      </spirit:port>
      <spirit:port>
        <spirit:name>S_AXI_AWREADY</spirit:name>
        <spirit:wire>
          <spirit:direction>out</spirit:direction>
          <spirit:wireTypeDefs>
            <spirit:wireTypeDef>
              <spirit:typeName>std_logic</spirit:typeName>
              <spirit:viewNameRef>xilinx_vhdlsynthesis</spirit:viewNameRef>
            </spirit:wireTypeDef>
          </spirit:wireTypeDefs>
        </spirit:wire>
        <spirit:vendorExtensions>
          <xilinx:portInfo>
            <xilinx:enablement>
              <xilinx:isEnabled>true</xilinx:isEnabled>
            </xilinx:enablement>
          </xilinx:portInfo>
        </spirit:vendorExtensions>
      </spirit:port>
    </spirit:ports>
    <spirit:modelParameters>
      <spirit:modelParameter xsi:type="spirit:nameValueTypeType" spirit:dataType="integer">
        <spirit:name>C_S_AXI_DATA_WIDTH</spirit:name>
        <spirit:displayName>C S Axi Data Width</spirit:displayName>
        <spirit:value spirit:format="long" spirit:resolve="generated" spirit:id="MODELPARAM_VALUE.C_S_AXI_DATA_WIDTH">32</spirit:value>
      </spirit:modelParameter>
      <spirit:modelParameter spirit:dataType="integer">
        <spirit:name>C_S_AXI_ADDR_WIDTH</spirit:name>
        <spirit:displayName>C S Axi Addr Width</spirit:displayName>
        <spirit:value spirit:format="long" spirit:resolve="generated" spirit:id="MODELPARAM_VALUE.C_S_AXI_ADDR_WIDTH">32</spirit:value>
      </spirit:modelParameter>
      <spirit:modelParameter spirit:dataType="std_logic_vector">
        <spirit:name>C_S_AXI_MIN_SIZE</spirit:name>
        <spirit:displayName>C S Axi Min Size</spirit:displayName>
        <spirit:value spirit:format="bitString" spirit:resolve="generated" spirit:id="MODELPARAM_VALUE.C_S_AXI_MIN_SIZE" spirit:bitStringLength="32">0x000001FF</spirit:value>
      </spirit:modelParameter>
      <spirit:modelParameter spirit:dataType="integer">
        <spirit:name>C_USE_WSTRB</spirit:name>
        <spirit:displayName>C Use Wstrb</spirit:displayName>
        <spirit:value spirit:format="long" spirit:resolve="generated" spirit:id="MODELPARAM_VALUE.C_USE_WSTRB">0</spirit:value>
      </spirit:modelParameter>
      <spirit:modelParameter spirit:dataType="integer">
        <spirit:name>C_DPHASE_TIMEOUT</spirit:name>
        <spirit:displayName>C Dphase Timeout</spirit:displayName>
        <spirit:value spirit:format="long" spirit:resolve="generated" spirit:id="MODELPARAM_VALUE.C_DPHASE_TIMEOUT">8</spirit:value>
      </spirit:modelParameter>
      <spirit:modelParameter spirit:dataType="std_logic_vector">
        <spirit:name>C_BASEADDR</spirit:name>
        <spirit:displayName>C Baseaddr</spirit:displayName>
        <spirit:value spirit:format="bitString" spirit:resolve="generated" spirit:id="MODELPARAM_VALUE.C_BASEADDR" spirit:bitStringLength="32">0xFFFFFFFF</spirit:value>
      </spirit:modelParameter>
      <spirit:modelParameter spirit:dataType="std_logic_vector">
        <spirit:name>C_HIGHADDR</spirit:name>
        <spirit:displayName>C Highaddr</spirit:displayName>
        <spirit:value spirit:format="bitString" spirit:resolve="generated" spirit:id="MODELPARAM_VALUE.C_HIGHADDR" spirit:bitStringLength="32">0x00000000</spirit:value>
      </spirit:modelParameter>
      <spirit:modelParameter spirit:dataType="string">
        <spirit:name>C_FAMILY</spirit:name>
        <spirit:value spirit:format="string" spirit:resolve="generated" spirit:id="MODELPARAM_VALUE.C_FAMILY">zynq</spirit:value>
      </spirit:modelParameter>
      <spirit:modelParameter spirit:dataType="integer">
        <spirit:name>C_NUM_REG</spirit:name>
        <spirit:displayName>C Num Reg</spirit:displayName>
        <spirit:value spirit:format="long" spirit:resolve="generated" spirit:id="MODELPARAM_VALUE.C_NUM_REG">1</spirit:value>
      </spirit:modelParameter>
      <spirit:modelParameter spirit:dataType="integer">
        <spirit:name>C_NUM_MEM</spirit:name>
        <spirit:displayName>C Num Mem</spirit:displayName>
        <spirit:value spirit:format="long" spirit:resolve="generated" spirit:id="MODELPARAM_VALUE.C_NUM_MEM">1</spirit:value>
      </spirit:modelParameter>
      <spirit:modelParameter spirit:dataType="integer">
        <spirit:name>C_SLV_AWIDTH</spirit:name>
        <spirit:displayName>C Slv Awidth</spirit:displayName>
        <spirit:value spirit:format="long" spirit:resolve="generated" spirit:id="MODELPARAM_VALUE.C_SLV_AWIDTH">32</spirit:value>
      </spirit:modelParameter>
      <spirit:modelParameter spirit:dataType="integer">
        <spirit:name>C_SLV_DWIDTH</spirit:name>
        <spirit:displayName>C Slv Dwidth</spirit:displayName>
        <spirit:value spirit:format="long" spirit:resolve="generated" spirit:id="MODELPARAM_VALUE.C_SLV_DWIDTH">32</spirit:value>
      </spirit:modelParameter>
    </spirit:modelParameters>
  </spirit:model>
  <spirit:choices>
    <spirit:choice>
      <spirit:name>choices_0</spirit:name>
      <spirit:enumeration>ACTIVE_HIGH</spirit:enumeration>
      <spirit:enumeration>ACTIVE_LOW</spirit:enumeration>
    </spirit:choice>
  </spirit:choices>
  <spirit:fileSets>
    <spirit:fileSet>
      <spirit:name>xilinx_vhdlsynthesis_view_fileset</spirit:name>
      <spirit:file>
        <spirit:name>../../../../ipshared/xilinx.com/zed_audio_ctrl_v1_0/9782a10c/zed_audio_ctrl.srcs/sources_1/imports/i2s_audio/family_support.vhd</spirit:name>
        <spirit:fileType>vhdlSource</spirit:fileType>
        <spirit:logicalName>work</spirit:logicalName>
      </spirit:file>
      <spirit:file>
        <spirit:name>../../../../ipshared/xilinx.com/zed_audio_ctrl_v1_0/9782a10c/zed_audio_ctrl.srcs/sources_1/imports/i2s_audio/common_types.vhd</spirit:name>
        <spirit:fileType>vhdlSource</spirit:fileType>
        <spirit:logicalName>work</spirit:logicalName>
      </spirit:file>
      <spirit:file>
        <spirit:name>../../../../ipshared/xilinx.com/zed_audio_ctrl_v1_0/9782a10c/zed_audio_ctrl.srcs/sources_1/imports/i2s_audio/pselect_f.vhd</spirit:name>
        <spirit:fileType>vhdlSource</spirit:fileType>
        <spirit:logicalName>work</spirit:logicalName>
      </spirit:file>
      <spirit:file>
        <spirit:name>../../../../ipshared/xilinx.com/zed_audio_ctrl_v1_0/9782a10c/zed_audio_ctrl.srcs/sources_1/imports/i2s_audio/address_decoder.vhd</spirit:name>
        <spirit:fileType>vhdlSource</spirit:fileType>
        <spirit:logicalName>work</spirit:logicalName>
      </spirit:file>
      <spirit:file>
        <spirit:name>../../../../ipshared/xilinx.com/zed_audio_ctrl_v1_0/9782a10c/zed_audio_ctrl.srcs/sources_1/imports/i2s_audio/slave_attachment.vhd</spirit:name>
        <spirit:fileType>vhdlSource</spirit:fileType>
        <spirit:logicalName>work</spirit:logicalName>
      </spirit:file>
      <spirit:file>
        <spirit:name>../../../../ipshared/xilinx.com/zed_audio_ctrl_v1_0/9782a10c/zed_audio_ctrl.srcs/sources_1/imports/i2s_audio/iis_ser.vhd</spirit:name>
        <spirit:fileType>vhdlSource</spirit:fileType>
        <spirit:logicalName>work</spirit:logicalName>
      </spirit:file>
      <spirit:file>
        <spirit:name>../../../../ipshared/xilinx.com/zed_audio_ctrl_v1_0/9782a10c/zed_audio_ctrl.srcs/sources_1/imports/i2s_audio/iis_deser.vhd</spirit:name>
        <spirit:fileType>vhdlSource</spirit:fileType>
        <spirit:logicalName>work</spirit:logicalName>
      </spirit:file>
      <spirit:file>
        <spirit:name>../../../../ipshared/xilinx.com/zed_audio_ctrl_v1_0/9782a10c/zed_audio_ctrl.srcs/sources_1/imports/i2s_audio/user_logic.vhd</spirit:name>
        <spirit:fileType>vhdlSource</spirit:fileType>
        <spirit:logicalName>work</spirit:logicalName>
      </spirit:file>
      <spirit:file>
        <spirit:name>../../../../ipshared/xilinx.com/zed_audio_ctrl_v1_0/9782a10c/zed_audio_ctrl.srcs/sources_1/imports/i2s_audio/axi_lite_ipif.vhd</spirit:name>
        <spirit:fileType>vhdlSource</spirit:fileType>
        <spirit:logicalName>work</spirit:logicalName>
      </spirit:file>
      <spirit:file>
        <spirit:name>../../../../ipshared/xilinx.com/zed_audio_ctrl_v1_0/9782a10c/zed_audio_ctrl.srcs/sources_1/imports/i2s_audio/i2s_ctrl.vhd</spirit:name>
        <spirit:fileType>vhdlSource</spirit:fileType>
        <spirit:logicalName>work</spirit:logicalName>
      </spirit:file>
    </spirit:fileSet>
    <spirit:fileSet>
      <spirit:name>xilinx_vhdlsynthesiswrapper_view_fileset</spirit:name>
      <spirit:file>
        <spirit:name>synth/system_zed_audio_ctrl_0_0.vhd</spirit:name>
        <spirit:fileType>vhdlSource</spirit:fileType>
        <spirit:logicalName>xil_defaultlib</spirit:logicalName>
      </spirit:file>
    </spirit:fileSet>
  </spirit:fileSets>
  <spirit:description>Audio Controller for the Zedboard i2s audio codec</spirit:description>
  <spirit:parameters>
    <spirit:parameter>
      <spirit:name>C_SLV_DWIDTH</spirit:name>
      <spirit:displayName>C Slv Dwidth</spirit:displayName>
      <spirit:value spirit:format="long" spirit:resolve="user" spirit:id="PARAM_VALUE.C_SLV_DWIDTH" spirit:order="1100">32</spirit:value>
    </spirit:parameter>
    <spirit:parameter>
      <spirit:name>C_SLV_AWIDTH</spirit:name>
      <spirit:displayName>C Slv Awidth</spirit:displayName>
      <spirit:value spirit:format="long" spirit:resolve="user" spirit:id="PARAM_VALUE.C_SLV_AWIDTH" spirit:order="1200">32</spirit:value>
    </spirit:parameter>
    <spirit:parameter>
      <spirit:name>C_NUM_MEM</spirit:name>
      <spirit:displayName>C Num Mem</spirit:displayName>
      <spirit:value spirit:format="long" spirit:resolve="user" spirit:id="PARAM_VALUE.C_NUM_MEM" spirit:order="1300">1</spirit:value>
    </spirit:parameter>
    <spirit:parameter>
      <spirit:name>C_NUM_REG</spirit:name>
      <spirit:displayName>C Num Reg</spirit:displayName>
      <spirit:value spirit:format="long" spirit:resolve="user" spirit:id="PARAM_VALUE.C_NUM_REG" spirit:order="1400">1</spirit:value>
    </spirit:parameter>
    <spirit:parameter>
      <spirit:name>C_HIGHADDR</spirit:name>
      <spirit:displayName>C Highaddr</spirit:displayName>
      <spirit:value spirit:format="bitString" spirit:resolve="user" spirit:id="PARAM_VALUE.C_HIGHADDR" spirit:order="1500" spirit:bitStringLength="32">0x00000000</spirit:value>
    </spirit:parameter>
    <spirit:parameter>
      <spirit:name>C_BASEADDR</spirit:name>
      <spirit:displayName>C Baseaddr</spirit:displayName>
      <spirit:value spirit:format="bitString" spirit:resolve="user" spirit:id="PARAM_VALUE.C_BASEADDR" spirit:order="1600" spirit:bitStringLength="32">0xFFFFFFFF</spirit:value>
    </spirit:parameter>
    <spirit:parameter>
      <spirit:name>C_DPHASE_TIMEOUT</spirit:name>
      <spirit:displayName>C Dphase Timeout</spirit:displayName>
      <spirit:value spirit:format="long" spirit:resolve="user" spirit:id="PARAM_VALUE.C_DPHASE_TIMEOUT" spirit:order="1700">8</spirit:value>
    </spirit:parameter>
    <spirit:parameter>
      <spirit:name>C_USE_WSTRB</spirit:name>
      <spirit:displayName>C Use Wstrb</spirit:displayName>
      <spirit:value spirit:format="long" spirit:resolve="user" spirit:id="PARAM_VALUE.C_USE_WSTRB" spirit:order="1800">0</spirit:value>
    </spirit:parameter>
    <spirit:parameter>
      <spirit:name>C_S_AXI_MIN_SIZE</spirit:name>
      <spirit:displayName>C S Axi Min Size</spirit:displayName>
      <spirit:value spirit:format="bitString" spirit:resolve="user" spirit:id="PARAM_VALUE.C_S_AXI_MIN_SIZE" spirit:order="1900" spirit:bitStringLength="32">0x000001FF</spirit:value>
    </spirit:parameter>
    <spirit:parameter>
      <spirit:name>C_S_AXI_ADDR_WIDTH</spirit:name>
      <spirit:displayName>C S Axi Addr Width</spirit:displayName>
      <spirit:value spirit:format="long" spirit:resolve="user" spirit:id="PARAM_VALUE.C_S_AXI_ADDR_WIDTH" spirit:order="2000">32</spirit:value>
    </spirit:parameter>
    <spirit:parameter>
      <spirit:name>C_S_AXI_DATA_WIDTH</spirit:name>
      <spirit:displayName>C S Axi Data Width</spirit:displayName>
      <spirit:value spirit:format="long" spirit:resolve="user" spirit:id="PARAM_VALUE.C_S_AXI_DATA_WIDTH" spirit:order="2100">32</spirit:value>
    </spirit:parameter>
    <spirit:parameter>
      <spirit:name>Component_Name</spirit:name>
      <spirit:value spirit:resolve="user" spirit:id="PARAM_VALUE.Component_Name" spirit:order="1">system_zed_audio_ctrl_0_0</spirit:value>
    </spirit:parameter>
  </spirit:parameters>
  <spirit:vendorExtensions>
    <xilinx:coreExtensions>
      <xilinx:supportedFamilies>
        <xilinx:family xilinx:lifeCycle="Production">zynq</xilinx:family>
      </xilinx:supportedFamilies>
      <xilinx:taxonomies>
        <xilinx:taxonomy>/AXI_Infrastructure</xilinx:taxonomy>
      </xilinx:taxonomies>
      <xilinx:displayName>zed_audio_ctrl</xilinx:displayName>
      <xilinx:coreRevision>1</xilinx:coreRevision>
      <xilinx:coreCreationDateTime>2013-07-24T11:32:18</xilinx:coreCreationDateTime>
      <xilinx:configElementInfos>
        <xilinx:configElementInfo xilinx:referenceId="BUSIFPARAM_VALUE.S_AXI.PROTOCOL" xilinx:valueSource="constant"/>
        <xilinx:configElementInfo xilinx:referenceId="BUSIFPARAM_VALUE.S_AXI.READ_WRITE_MODE" xilinx:valueSource="constant"/>
        <xilinx:configElementInfo xilinx:referenceId="BUSIFPARAM_VALUE.S_AXI.DATA_WIDTH" xilinx:valueSource="user"/>
        <xilinx:configElementInfo xilinx:referenceId="BUSIFPARAM_VALUE.S_AXI.ADDR_WIDTH" xilinx:valueSource="user"/>
        <xilinx:configElementInfo xilinx:referenceId="BUSIFPARAM_VALUE.S_AXI.AWUSER_WIDTH" xilinx:valueSource="constant"/>
        <xilinx:configElementInfo xilinx:referenceId="BUSIFPARAM_VALUE.S_AXI.ARUSER_WIDTH" xilinx:valueSource="constant"/>
        <xilinx:configElementInfo xilinx:referenceId="BUSIFPARAM_VALUE.S_AXI.WUSER_WIDTH" xilinx:valueSource="constant"/>
        <xilinx:configElementInfo xilinx:referenceId="BUSIFPARAM_VALUE.S_AXI.RUSER_WIDTH" xilinx:valueSource="constant"/>
        <xilinx:configElementInfo xilinx:referenceId="BUSIFPARAM_VALUE.S_AXI.BUSER_WIDTH" xilinx:valueSource="constant"/>
        <xilinx:configElementInfo xilinx:referenceId="BUSIFPARAM_VALUE.S_AXI.ID_WIDTH" xilinx:valueSource="constant"/>
        <xilinx:configElementInfo xilinx:referenceId="BUSIFPARAM_VALUE.S_AXI.NUM_READ_OUTSTANDING" xilinx:valueSource="user"/>
        <xilinx:configElementInfo xilinx:referenceId="BUSIFPARAM_VALUE.S_AXI.NUM_WRITE_OUTSTANDING" xilinx:valueSource="user"/>
        <xilinx:configElementInfo xilinx:referenceId="BUSIFPARAM_VALUE.S_AXI.SUPPORTS_NARROW_BURST" xilinx:valueSource="user"/>
        <xilinx:configElementInfo xilinx:referenceId="BUSIFPARAM_VALUE.S_AXI.MAX_BURST_LENGTH" xilinx:valueSource="user"/>
        <xilinx:configElementInfo xilinx:referenceId="BUSIFPARAM_VALUE.S_AXI_SIGNAL_CLOCK.CLK_DOMAIN" xilinx:valueSource="default_prop"/>
        <xilinx:configElementInfo xilinx:referenceId="BUSIFPARAM_VALUE.S_AXI.CLK_DOMAIN" xilinx:valueSource="default_prop"/>
        <xilinx:configElementInfo xilinx:referenceId="BUSIFPARAM_VALUE.S_AXI_SIGNAL_CLOCK.FREQ_HZ" xilinx:valueSource="user_prop"/>
        <xilinx:configElementInfo xilinx:referenceId="BUSIFPARAM_VALUE.S_AXI.FREQ_HZ" xilinx:valueSource="user_prop"/>
      </xilinx:configElementInfos>
    </xilinx:coreExtensions>
    <xilinx:packagingInfo>
      <xilinx:xilinxVersion>2013.2</xilinx:xilinxVersion>
    </xilinx:packagingInfo>
  </spirit:vendorExtensions>
</spirit:component>