<?xml version="1.0" encoding="UTF-8"?>
<GenRun Id="synth_1" LaunchPart="xc7z020clg484-1" LaunchTime="1439307975">
  <File Type="RUN-CONSTRS" Name="$PDATADIR/runs/synth_1/constrs_in.xml"/>
  <File Type="RDS-DCP" Name="Lab2.dcp"/>
  <File Type="RUN-SRCS" Name="$PDATADIR/runs/synth_1/sources.xml"/>
  <File Type="RDS-UTIL-PB" Name="Lab2_utilization_synth.pb"/>
  <File Type="RUN-STRAT" Name="$PDATADIR/runs/synth_1/synth_1.psg"/>
  <File Type="PA-TCL" Name="Lab2.tcl"/>
  <File Type="RDS-PROPCONSTRS" Name="Lab2_drc_synth.rpt"/>
  <File Type="RDS-RDS" Name="Lab2.vds"/>
  <File Type="RDS-UTIL" Name="Lab2_utilization_synth.rpt"/>
  <File Type="VDS-TIMINGSUMMARY" Name="Lab2_timing_summary_synth.rpt"/>
  <File Type="VDS-TIMING-PB" Name="Lab2_timing_summary_synth.pb"/>
  <FileSet Name="sources" Type="DesignSrcs" RelSrcDir="$PSRCDIR/sources_1">
    <Filter Type="Srcs"/>
    <File Path="$PSRCDIR/sources_1/imports/Lab2 Source Code/Freq_div.v">
      <FileInfo>
        <Attr Name="ImportPath" Val="$PPRDIR/../../Source Code/Lab2 Source Code/Freq_div.v"/>
        <Attr Name="ImportTime" Val="1439222054"/>
        <Attr Name="UsedIn" Val="synthesis"/>
        <Attr Name="UsedIn" Val="implementation"/>
        <Attr Name="UsedIn" Val="simulation"/>
      </FileInfo>
    </File>
    <File Path="$PSRCDIR/sources_1/imports/Lab2 Source Code/Direction_ctrl.v">
      <FileInfo>
        <Attr Name="ImportPath" Val="$PPRDIR/../../Source Code/Lab2 Source Code/Direction_ctrl.v"/>
        <Attr Name="ImportTime" Val="1439222103"/>
        <Attr Name="UsedIn" Val="synthesis"/>
        <Attr Name="UsedIn" Val="implementation"/>
        <Attr Name="UsedIn" Val="simulation"/>
      </FileInfo>
    </File>
    <File Path="$PSRCDIR/sources_1/imports/Lab2 Source Code/Lab2.v">
      <FileInfo>
        <Attr Name="ImportPath" Val="$PPRDIR/../../Source Code/Lab2 Source Code/Lab2.v"/>
        <Attr Name="ImportTime" Val="1439222004"/>
        <Attr Name="UsedIn" Val="synthesis"/>
        <Attr Name="UsedIn" Val="implementation"/>
        <Attr Name="UsedIn" Val="simulation"/>
      </FileInfo>
    </File>
    <Config>
      <Option Name="DesignMode" Val="RTL"/>
      <Option Name="TopModule" Val="Lab2"/>
      <Option Name="TopAutoSet" Val="TRUE"/>
    </Config>
  </FileSet>
  <FileSet Name="constrs_in" Type="Constrs" RelSrcDir="$PSRCDIR/constrs_1">
    <Filter Type="Constrs"/>
    <File Path="$PSRCDIR/constrs_1/imports/Lab2 Source Code/top_module.xdc">
      <FileInfo>
        <Attr Name="ImportPath" Val="$PPRDIR/../../Source Code/Lab2 Source Code/top_module.xdc"/>
        <Attr Name="ImportTime" Val="1404895223"/>
        <Attr Name="UsedIn" Val="synthesis"/>
        <Attr Name="UsedIn" Val="implementation"/>
      </FileInfo>
    </File>
    <Config>
      <Option Name="ConstrsType" Val="XDC"/>
    </Config>
  </FileSet>
  <Strategy Version="1" Minor="2">
    <StratHandle Name="Vivado Synthesis Defaults" Flow="Vivado Synthesis 2015"/>
    <Step Id="synth_design"/>
  </Strategy>
</GenRun>
